Pro,ProCard,Basic,BasicCard,NonMemberGenesis,NonMemberProfile
8177221112,3.8768E+12,8177221112,3.8768E+12,8177221112,8177221112
8177221112,3.8768E+12,8177221112,3.8768E+12,8177221112,8177221112
8177221112,3.8768E+12,8177221112,3.8768E+12,8177221112,8177221112
8177221112,3.8768E+12,8177221112,3.8768E+12,8177221112,8177221112
8177221112,3.8768E+12,8177221112,3.8768E+12,8177221112,8177221112
8177221112,3.8768E+12,8177221112,3.8768E+12,8177221112,8177221112
8177221112,3.8768E+12,8177221112,3.8768E+12,8177221112,8177221112
8177221112,3.8768E+12,8177221112,3.8768E+12,8177221112,8177221112
8177221112,3.8768E+12,8177221112,3.8768E+12,8177221112,8177221112
8177221112,3.8768E+12,8177221112,3.8768E+12,8177221112,8177221112
8177221112,3.8768E+12,8177221112,3.8768E+12,8177221112,8177221112
8177221112,3.8768E+12,8177221112,3.8768E+12,8177221112,8177221112
8177221112,3.8768E+12,8177221112,3.8768E+12,8177221112,8177221112
8177221112,3.8768E+12,8177221112,3.8768E+12,8177221112,8177221112
8177221112,3.8768E+12,8177221112,3.8768E+12,8177221112,8177221112
8177221112,3.8768E+12,8177221112,3.8768E+12,8177221112,8177221112
8177221112,3.8768E+12,8177221112,3.8768E+12,8177221112,8177221112
8177221112,3.8768E+12,8177221112,3.8768E+12,8177221112,8177221112
8177221112,3.8768E+12,8177221112,3.8768E+12,8177221112,8177221112
8177221112,3.8768E+12,8177221112,3.8768E+12,8177221112,8177221112
8177221112,3.8768E+12,8177221112,3.8768E+12,8177221112,8177221112
8177221112,3.8768E+12,8177221112,3.8768E+12,8177221112,8177221112
8177221112,3.8768E+12,8177221112,3.8768E+12,8177221112,8177221112
8177221112,3.8768E+12,8177221112,3.8768E+12,8177221112,8177221112
8177221112,3.8768E+12,8177221112,3.8768E+12,8177221112,8177221112
8177221112,3.8768E+12,8177221112,3.8768E+12,8177221112,8177221112
8177221112,3.8768E+12,8177221112,3.8768E+12,8177221112,8177221112
8177221112,3.8768E+12,8177221112,3.8768E+12,8177221112,8177221112
8177221112,3.8768E+12,8177221112,3.8768E+12,8177221112,8177221112
8177221112,3.8768E+12,8177221112,3.8768E+12,8177221112,8177221112
8177221112,3.8768E+12,8177221112,3.8768E+12,8177221112,8177221112
8177221112,3.8768E+12,8177221112,3.8768E+12,8177221112,8177221112
8177221112,3.8768E+12,8177221112,3.8768E+12,8177221112,8177221112
8177221112,3.8768E+12,8177221112,3.8768E+12,8177221112,8177221112
8177221112,3.8768E+12,8177221112,3.8768E+12,8177221112,8177221112
8177221112,3.8768E+12,8177221112,3.8768E+12,8177221112,8177221112
8177221112,3.8768E+12,8177221112,3.8768E+12,8177221112,8177221112
8177221112,3.8768E+12,8177221112,3.8768E+12,8177221112,8177221112
8177221112,3.8768E+12,8177221112,3.8768E+12,8177221112,8177221112
8177221112,3.8768E+12,8177221112,3.8768E+12,8177221112,8177221112
8177221112,3.8768E+12,8177221112,3.8768E+12,8177221112,8177221112
8177221112,3.8768E+12,8177221112,3.8768E+12,8177221112,8177221112
8177221112,3.8768E+12,8177221112,3.8768E+12,8177221112,8177221112
8177221112,3.8768E+12,8177221112,3.8768E+12,8177221112,8177221112
8177221112,3.8768E+12,8177221112,3.8768E+12,8177221112,8177221112
8177221112,3.8768E+12,8177221112,3.8768E+12,8177221112,8177221112
8177221112,3.8768E+12,8177221112,3.8768E+12,8177221112,8177221112
8177221112,3.8768E+12,8177221112,3.8768E+12,8177221112,8177221112
8177221112,3.8768E+12,8177221112,3.8768E+12,8177221112,8177221112
8177221112,3.8768E+12,8177221112,3.8768E+12,8177221112,8177221112
8177221112,3.8768E+12,8177221112,3.8768E+12,8177221112,8177221112
8177221112,3.8768E+12,8177221112,3.8768E+12,8177221112,8177221112
8177221112,3.8768E+12,8177221112,3.8768E+12,8177221112,8177221112
8177221112,3.8768E+12,8177221112,3.8768E+12,8177221112,8177221112
8177221112,3.8768E+12,8177221112,3.8768E+12,8177221112,8177221112
8177221112,3.8768E+12,8177221112,3.8768E+12,8177221112,8177221112
8177221112,3.8768E+12,8177221112,3.8768E+12,8177221112,8177221112
8177221112,3.8768E+12,8177221112,3.8768E+12,8177221112,8177221112
8177221112,3.8768E+12,8177221112,3.8768E+12,8177221112,8177221112
8177221112,3.8768E+12,8177221112,3.8768E+12,8177221112,8177221112
8177221112,3.8768E+12,8177221112,3.8768E+12,8177221112,8177221112
8177221112,3.8768E+12,8177221112,3.8768E+12,8177221112,8177221112
8177221112,3.8768E+12,8177221112,3.8768E+12,8177221112,8177221112
8177221112,3.8768E+12,8177221112,3.8768E+12,8177221112,8177221112
8177221112,3.8768E+12,8177221112,3.8768E+12,8177221112,8177221112
8177221112,3.8768E+12,8177221112,3.8768E+12,8177221112,8177221112
8177221112,3.8768E+12,8177221112,3.8768E+12,8177221112,8177221112
8177221112,3.8768E+12,8177221112,3.8768E+12,8177221112,8177221112
8177221112,3.8768E+12,8177221112,3.8768E+12,8177221112,8177221112
8177221112,3.8768E+12,8177221112,3.8768E+12,8177221112,8177221112
8177221112,3.8768E+12,8177221112,3.8768E+12,8177221112,8177221112
8177221112,3.8768E+12,8177221112,3.8768E+12,8177221112,8177221112
8177221112,3.8768E+12,8177221112,3.8768E+12,8177221112,8177221112
8177221112,3.8768E+12,8177221112,3.8768E+12,8177221112,8177221112
8177221112,3.8768E+12,8177221112,3.8768E+12,8177221112,8177221112
8177221112,3.8768E+12,8177221112,3.8768E+12,8177221112,8177221112
8177221112,3.8768E+12,8177221112,3.8768E+12,8177221112,8177221112
8177221112,3.8768E+12,8177221112,3.8768E+12,8177221112,8177221112
8177221112,3.8768E+12,8177221112,3.8768E+12,8177221112,8177221112
8177221112,3.8768E+12,8177221112,3.8768E+12,8177221112,8177221112
8177221112,3.8768E+12,8177221112,3.8768E+12,8177221112,8177221112
8177221112,3.8768E+12,8177221112,3.8768E+12,8177221112,8177221112
8177221112,3.8768E+12,8177221112,3.8768E+12,8177221112,8177221112
8177221112,3.8768E+12,8177221112,3.8768E+12,8177221112,8177221112
8177221112,3.8768E+12,8177221112,3.8768E+12,8177221112,8177221112
8177221112,3.8768E+12,8177221112,3.8768E+12,8177221112,8177221112
8177221112,3.8768E+12,8177221112,3.8768E+12,8177221112,8177221112
8177221112,3.8768E+12,8177221112,3.8768E+12,8177221112,8177221112
8177221112,3.8768E+12,8177221112,3.8768E+12,8177221112,8177221112
8177221112,3.8768E+12,8177221112,3.8768E+12,8177221112,8177221112
8177221112,3.8768E+12,8177221112,3.8768E+12,8177221112,8177221112
8177221112,3.8768E+12,8177221112,3.8768E+12,8177221112,8177221112
8177221112,3.8768E+12,8177221112,3.8768E+12,8177221112,8177221112
8177221112,3.8768E+12,8177221112,3.8768E+12,8177221112,8177221112
8177221112,3.8768E+12,8177221112,3.8768E+12,8177221112,8177221112
8177221112,3.8768E+12,8177221112,3.8768E+12,8177221112,8177221112
8177221112,3.8768E+12,8177221112,3.8768E+12,8177221112,8177221112
8177221112,3.8768E+12,8177221112,3.8768E+12,8177221112,8177221112
8177221112,3.8768E+12,8177221112,3.8768E+12,8177221112,8177221112
8177221112,3.8768E+12,8177221112,3.8768E+12,8177221112,8177221112
8177221112,3.8768E+12,8177221112,3.8768E+12,8177221112,8177221112
8177221112,3.8768E+12,8177221112,3.8768E+12,8177221112,8177221112
8177221112,3.8768E+12,8177221112,3.8768E+12,8177221112,8177221112
8177221112,3.8768E+12,8177221112,3.8768E+12,8177221112,8177221112
8177221112,3.8768E+12,8177221112,3.8768E+12,8177221112,8177221112
8177221112,3.8768E+12,8177221112,3.8768E+12,8177221112,8177221112
8177221112,3.8768E+12,8177221112,3.8768E+12,8177221112,8177221112
8177221112,3.8768E+12,8177221112,3.8768E+12,8177221112,8177221112
8177221112,3.8768E+12,8177221112,3.8768E+12,8177221112,8177221112
8177221112,3.8768E+12,8177221112,3.8768E+12,8177221112,8177221112
8177221112,3.8768E+12,8177221112,3.8768E+12,8177221112,8177221112
8177221112,3.8768E+12,8177221112,3.8768E+12,8177221112,8177221112
8177221112,3.8768E+12,8177221112,3.8768E+12,8177221112,8177221112
8177221112,3.8768E+12,8177221112,3.8768E+12,8177221112,8177221112
8177221112,3.8768E+12,8177221112,3.8768E+12,8177221112,8177221112
8177221112,3.8768E+12,8177221112,3.8768E+12,8177221112,8177221112
8177221112,3.8768E+12,8177221112,3.8768E+12,8177221112,8177221112
8177221112,3.8768E+12,8177221112,3.8768E+12,8177221112,8177221112
8177221112,3.8768E+12,8177221112,3.8768E+12,8177221112,8177221112
8177221112,3.8768E+12,8177221112,3.8768E+12,8177221112,8177221112
8177221112,3.8768E+12,8177221112,3.8768E+12,8177221112,8177221112
8177221112,3.8768E+12,8177221112,3.8768E+12,8177221112,8177221112
8177221112,3.8768E+12,8177221112,3.8768E+12,8177221112,8177221112
8177221112,3.8768E+12,8177221112,3.8768E+12,8177221112,8177221112
8177221112,3.8768E+12,8177221112,3.8768E+12,8177221112,8177221112
8177221112,3.8768E+12,8177221112,3.8768E+12,8177221112,8177221112
8177221112,3.8768E+12,8177221112,3.8768E+12,8177221112,8177221112
8177221112,3.8768E+12,8177221112,3.8768E+12,8177221112,8177221112
8177221112,3.8768E+12,8177221112,3.8768E+12,8177221112,8177221112
8177221112,3.8768E+12,8177221112,3.8768E+12,8177221112,8177221112
8177221112,3.8768E+12,8177221112,3.8768E+12,8177221112,8177221112
8177221112,3.8768E+12,8177221112,3.8768E+12,8177221112,8177221112
8177221112,3.8768E+12,8177221112,3.8768E+12,8177221112,8177221112
8177221112,3.8768E+12,8177221112,3.8768E+12,8177221112,8177221112
8177221112,3.8768E+12,8177221112,3.8768E+12,8177221112,8177221112
8177221112,3.8768E+12,8177221112,3.8768E+12,8177221112,8177221112
8177221112,3.8768E+12,8177221112,3.8768E+12,8177221112,8177221112
8177221112,3.8768E+12,8177221112,3.8768E+12,8177221112,8177221112
8177221112,3.8768E+12,8177221112,3.8768E+12,8177221112,8177221112
8177221112,3.8768E+12,8177221112,3.8768E+12,8177221112,8177221112
8177221112,3.8768E+12,8177221112,3.8768E+12,8177221112,8177221112
8177221112,3.8768E+12,8177221112,3.8768E+12,8177221112,8177221112
8177221112,3.8768E+12,8177221112,3.8768E+12,8177221112,8177221112
8177221112,3.8768E+12,8177221112,3.8768E+12,8177221112,8177221112
8177221112,3.8768E+12,8177221112,3.8768E+12,8177221112,8177221112
8177221112,3.8768E+12,8177221112,3.8768E+12,8177221112,8177221112
8177221112,3.8768E+12,8177221112,3.8768E+12,8177221112,8177221112
8177221112,3.8768E+12,8177221112,3.8768E+12,8177221112,8177221112
8177221112,3.8768E+12,8177221112,3.8768E+12,8177221112,8177221112
8177221112,3.8768E+12,8177221112,3.8768E+12,8177221112,8177221112
8177221112,3.8768E+12,8177221112,3.8768E+12,8177221112,8177221112
8177221112,3.8768E+12,8177221112,3.8768E+12,8177221112,8177221112
8177221112,3.8768E+12,8177221112,3.8768E+12,8177221112,8177221112
8177221112,3.8768E+12,8177221112,3.8768E+12,8177221112,8177221112
8177221112,3.8768E+12,8177221112,3.8768E+12,8177221112,8177221112
8177221112,3.8768E+12,8177221112,3.8768E+12,8177221112,8177221112
8177221112,3.8768E+12,8177221112,3.8768E+12,8177221112,8177221112
8177221112,3.8768E+12,8177221112,3.8768E+12,8177221112,8177221112
8177221112,3.8768E+12,8177221112,3.8768E+12,8177221112,8177221112
8177221112,3.8768E+12,8177221112,3.8768E+12,8177221112,8177221112
8177221112,3.8768E+12,8177221112,3.8768E+12,8177221112,8177221112
8177221112,3.8768E+12,8177221112,3.8768E+12,8177221112,8177221112
8177221112,3.8768E+12,8177221112,3.8768E+12,8177221112,8177221112
8177221112,3.8768E+12,8177221112,3.8768E+12,8177221112,8177221112
8177221112,3.8768E+12,8177221112,3.8768E+12,8177221112,8177221112
8177221112,3.8768E+12,8177221112,3.8768E+12,8177221112,8177221112
8177221112,3.8768E+12,8177221112,3.8768E+12,8177221112,8177221112
8177221112,3.8768E+12,8177221112,3.8768E+12,8177221112,8177221112
8177221112,3.8768E+12,8177221112,3.8768E+12,8177221112,8177221112
8177221112,3.8768E+12,8177221112,3.8768E+12,8177221112,8177221112
8177221112,3.8768E+12,8177221112,3.8768E+12,8177221112,8177221112
8177221112,3.8768E+12,8177221112,3.8768E+12,8177221112,8177221112
8177221112,3.8768E+12,8177221112,3.8768E+12,8177221112,8177221112
8177221112,3.8768E+12,8177221112,3.8768E+12,8177221112,8177221112
8177221112,3.8768E+12,8177221112,3.8768E+12,8177221112,8177221112
8177221112,3.8768E+12,8177221112,3.8768E+12,8177221112,8177221112
8177221112,3.8768E+12,8177221112,3.8768E+12,8177221112,8177221112
8177221112,3.8768E+12,8177221112,3.8768E+12,8177221112,8177221112
8177221112,3.8768E+12,8177221112,3.8768E+12,8177221112,8177221112
8177221112,3.8768E+12,8177221112,3.8768E+12,8177221112,8177221112
8177221112,3.8768E+12,8177221112,3.8768E+12,8177221112,8177221112
8177221112,3.8768E+12,8177221112,3.8768E+12,8177221112,8177221112
8177221112,3.8768E+12,8177221112,3.8768E+12,8177221112,8177221112
8177221112,3.8768E+12,8177221112,3.8768E+12,8177221112,8177221112
8177221112,3.8768E+12,8177221112,3.8768E+12,8177221112,8177221112
8177221112,3.8768E+12,8177221112,3.8768E+12,8177221112,8177221112
8177221112,3.8768E+12,8177221112,3.8768E+12,8177221112,8177221112
8177221112,3.8768E+12,8177221112,3.8768E+12,8177221112,8177221112
8177221112,3.8768E+12,8177221112,3.8768E+12,8177221112,8177221112
8177221112,3.8768E+12,8177221112,3.8768E+12,8177221112,8177221112
8177221112,3.8768E+12,8177221112,3.8768E+12,8177221112,8177221112
8177221112,3.8768E+12,8177221112,3.8768E+12,8177221112,8177221112
8177221112,3.8768E+12,8177221112,3.8768E+12,8177221112,8177221112
8177221112,3.8768E+12,8177221112,3.8768E+12,8177221112,8177221112
8177221112,3.8768E+12,8177221112,3.8768E+12,8177221112,8177221112
